<?xml version="1.0" encoding="UTF-8"?>
<project-private xmlns="http://www.netbeans.org/ns/project-private/1">
    <editor-bookmarks xmlns="http://www.netbeans.org/ns/editor-bookmarks/2" lastBookmarkId="0"/>
    <open-files xmlns="http://www.netbeans.org/ns/projectui-open-files/2">
        <group>
            <file>file:/C:/Users/jflores/Docs/NB/reporting/rep211.php</file>
            <file>file:/C:/Users/jflores/Docs/NB/includes/types.inc</file>
            <file>file:/C:/Users/jflores/Docs/NB/reporting/rep203.php</file>
            <file>file:/C:/Users/jflores/Docs/NB/reporting/rep107.php</file>
            <file>file:/C:/Users/jflores/Docs/NB/reporting/rep111.php</file>
        </group>
    </open-files>
</project-private>
